dbName,avgNumColumns,avgNumRows,overIndexing,primaryKeyValidation,RedundantRelationshipsValidaiton
database,15.0,14485.0,0.0,1,0
Formula1,7.384615384615385,40097.230769230766,0.0,0,0
movie,6.0,2374.0,0.0,1,0
weather_2012,1.5,50.0,0.0,1,0
crashes,5.0,2664.5,0.0,0,0
mental_health,2.6666666666666665,79002.66666666667,0.0,0,0
database1,11.0,18307.0,0.09090909090909091,0,0
data,24.0,299.0,0.0,0,0
Chinook,5.818181818181818,1418.8181818181818,0.171875,1,0
